-- Insert data into BankAccount table
insert into bitsei_schema.BankAccount (bankaccount_id, "IBAN", bank_name, bankaccount_friendly_name, company_id) values (1, 'HU84 4809 1474 9251 5167 0177 0342', 'Qwest Corporation', 'Hemostatic Solution', 1);
insert into bitsei_schema.BankAccount (bankaccount_id, "IBAN", bank_name, bankaccount_friendly_name, company_id) values (2, 'RS22 5895 7411 5252 7229 26', null, 'topiramate', 2);
insert into bitsei_schema.BankAccount (bankaccount_id, "IBAN", bank_name, bankaccount_friendly_name, company_id) values (3, 'NO73 5402 6602 729', 'Cementos Pacasmayo S.A.A.', 'SPEEDGEL RX', 3);
insert into bitsei_schema.BankAccount (bankaccount_id, "IBAN", bank_name, bankaccount_friendly_name, company_id) values (4, 'LB61 9430 3ZRZ FRZC SIUA 9VSA A4IL', 'K12 Inc', 'acid reducer', 4);
insert into bitsei_schema.BankAccount (bankaccount_id, "IBAN", bank_name, bankaccount_friendly_name, company_id) values (5, 'GL11 6827 6555 2299 34', '51job, Inc.', 'Thyroplex', 5);
insert into bitsei_schema.BankAccount (bankaccount_id, "IBAN", bank_name, bankaccount_friendly_name, company_id) values (6, 'SM50 W266 5738 4281 RGO7 R3KC VRL', 'FuelCell Energy, Inc.', 'Hemorrhoidal', 6);
insert into bitsei_schema.BankAccount (bankaccount_id, "IBAN", bank_name, bankaccount_friendly_name, company_id) values (7, 'GR98 8955 427V 64YL QUNE VQZW VZ8', 'Rice Energy Inc.', 'good sense childrens pain and fever', 7);
insert into bitsei_schema.BankAccount (bankaccount_id, "IBAN", bank_name, bankaccount_friendly_name, company_id) values (8, 'PK58 ELLX SRH7 I4Q8 ICBU QY3X', 'Blackrock New York Municipal Bond Trust', 'Ben E.Keith', 8);
insert into bitsei_schema.BankAccount (bankaccount_id, "IBAN", bank_name, bankaccount_friendly_name, company_id) values (9, 'SA02 95AQ HYWT 7UCA K2Y5 VCW4', 'Pieris Pharmaceuticals, Inc.', 'Mosquito', 9);
insert into bitsei_schema.BankAccount (bankaccount_id, "IBAN", bank_name, bankaccount_friendly_name, company_id) values (10, 'CY63 1067 4838 NS9S GIRG D4XN 5WPL', 'Mannatech, Incorporated', 'Sinusalia', 10);
insert into bitsei_schema.BankAccount (bankaccount_id, "IBAN", bank_name, bankaccount_friendly_name, company_id) values (11, 'EE82 9569 0909 4014 1244', 'Renren Inc.', 'Clopidogrel', 11);
insert into bitsei_schema.BankAccount (bankaccount_id, "IBAN", bank_name, bankaccount_friendly_name, company_id) values (12, 'IT63 M020 2447 050Y GSQ1 YNM8 W3Z', 'Legg Mason Developed EX-US Diversified Core ETF', 'Maybelline Dream Pure BB Beauty Balm', 12);
insert into bitsei_schema.BankAccount (bankaccount_id, "IBAN", bank_name, bankaccount_friendly_name, company_id) values (13, 'LV07 LVEK JZR9 W7TC 8RDW N', 'Bank of Commerce Holdings (CA)', 'Shopko Antibacterial Foaming Hand Sanitizer', 13);
insert into bitsei_schema.BankAccount (bankaccount_id, "IBAN", bank_name, bankaccount_friendly_name, company_id) values (14, 'CZ49 2611 0825 9488 9437 9977', 'Qualstar Corporation', 'Sudan Grass', 14);
insert into bitsei_schema.BankAccount (bankaccount_id, "IBAN", bank_name, bankaccount_friendly_name, company_id) values (15, 'SM27 X090 4118 107O XQPG JWYR OYF', 'Cogent Communications Holdings, Inc.', 'Propranolol Hydrochloride', 15);
insert into bitsei_schema.BankAccount (bankaccount_id, "IBAN", bank_name, bankaccount_friendly_name, company_id) values (16, 'BH34 WGUG QXLR HZN0 ZLJA UG', 'Costco Wholesale Corporation', 'FML FORTE', 16);
insert into bitsei_schema.BankAccount (bankaccount_id, "IBAN", bank_name, bankaccount_friendly_name, company_id) values (17, 'IT15 R487 5778 062G EWCC UMLT U9R', 'Matlin & Partners Acquisition Corporation', 'Ropinirole', 17);
insert into bitsei_schema.BankAccount (bankaccount_id, "IBAN", bank_name, bankaccount_friendly_name, company_id) values (18, 'FR82 4925 2890 37UL ORS6 N1BC H61', 'Immune Design Corp.', 'Warfarin Sodium', 18);
insert into bitsei_schema.BankAccount (bankaccount_id, "IBAN", bank_name, bankaccount_friendly_name, company_id) values (19, 'PS79 PJNS UOPL QV3Z W7NC WHK1 0UG9 Q', 'Peabody Energy Corporation', 'Tussin CF', 19);
insert into bitsei_schema.BankAccount (bankaccount_id, "IBAN", bank_name, bankaccount_friendly_name, company_id) values (20, 'FR53 0883 8769 397G 28UJ XS77 G59', 'PowerShares LadderRite 0-5 Year Corporate Bond Portfolio', 'Vitiligo', 20);
insert into bitsei_schema.BankAccount (bankaccount_id, "IBAN", bank_name, bankaccount_friendly_name, company_id) values (21, 'AL70 1915 0716 R6NF VYTO ZMX8 WTHV', 'First Trust NASDAQ Global Auto Index Fund', 'allergy relief-d', 21);
insert into bitsei_schema.BankAccount (bankaccount_id, "IBAN", bank_name, bankaccount_friendly_name, company_id) values (22, 'BH56 VIXX Z0MB E5M7 EOXS RO', 'Coty Inc.', 'DIGOX', 22);
insert into bitsei_schema.BankAccount (bankaccount_id, "IBAN", bank_name, bankaccount_friendly_name, company_id) values (23, 'NO56 6655 7700 422', 'Edison International', 'Promethazine Hydrochloride', 23);
insert into bitsei_schema.BankAccount (bankaccount_id, "IBAN", bank_name, bankaccount_friendly_name, company_id) values (24, 'LI26 6874 242E YOX4 KOI9 7', 'Pacific Continental Corporation (Ore)', 'Sweet Potato', 24);
insert into bitsei_schema.BankAccount (bankaccount_id, "IBAN", bank_name, bankaccount_friendly_name, company_id) values (25, 'VG67 BYAQ 7989 0272 0503 5433', 'Huntington Ingalls Industries, Inc.', 'Non-Drowsy Formula Wal-Tussin', 25);
insert into bitsei_schema.BankAccount (bankaccount_id, "IBAN", bank_name, bankaccount_friendly_name, company_id) values (26, 'BE29 3881 3488 8359', 'EastGroup Properties, Inc.', 'Rouge Dior 740 Rosewood Serum', 26);
insert into bitsei_schema.BankAccount (bankaccount_id, "IBAN", bank_name, bankaccount_friendly_name, company_id) values (27, 'LI06 7834 2YX4 WDCM L2WS R', 'Nasdaq, Inc.', 'MILK OF MAGNESIA', 27);
insert into bitsei_schema.BankAccount (bankaccount_id, "IBAN", bank_name, bankaccount_friendly_name, company_id) values (28, 'MC81 5099 3340 257T CMG2 5HGL Y46', 'Nuveen California Municipal Value Fund, Inc.', 'Red Snapper', 28);
insert into bitsei_schema.BankAccount (bankaccount_id, "IBAN", bank_name, bankaccount_friendly_name, company_id) values (29, 'MU94 HFEU 1991 9144 9352 6973 439S HG', 'Nuveen California Municipal Value Fund, Inc.', 'Venlafaxine', 29);
insert into bitsei_schema.BankAccount (bankaccount_id, "IBAN", bank_name, bankaccount_friendly_name, company_id) values (30, 'KZ10 586S SR5J WKVC 2GUT', 'American Realty Investors, Inc.', 'potassium chloride', 30);

-- Insert data into Company table
insert into bitsei_schema.Company (company_id, title, owner_id, logo, business_name, vat_number, tax_code, address, city, province, postal_code, unique_code) values (1, 'Einti', 1, 'http://dummyimage.com/224x185.png/dddddd/000000', 'Goldner-Schiller', '63304-768', '11559-043', '244 Buhler Street', 'Qimantage', 'Badajoz', null, 1);
insert into bitsei_schema.Company (company_id, title, owner_id, logo, business_name, vat_number, tax_code, address, city, province, postal_code, unique_code) values (2, 'Wikivu', 2, 'http://dummyimage.com/113x174.png/dddddd/000000', 'Rohan-Dare', '68828-067', '49789-020', '889 Harper Pass', 'Markópoulo Oropoú', 'Lyon', null, 2);
insert into bitsei_schema.Company (company_id, title, owner_id, logo, business_name, vat_number, tax_code, address, city, province, postal_code, unique_code) values (3, 'Youfeed', 3, 'http://dummyimage.com/112x177.png/dddddd/000000', 'Leannon and Sons', '43419-009', '59767-008', '88 Mandrake Road', 'Helong', 'Santo Domingo Oeste', null, 3);
insert into bitsei_schema.Company (company_id, title, owner_id, logo, business_name, vat_number, tax_code, address, city, province, postal_code, unique_code) values (4, 'Yakidoo', 4, 'http://dummyimage.com/109x153.png/dddddd/000000', 'Emmerich-Jerde', '61787-063', '63824-551', '0 Forest Junction', 'Sumberrejo', 'Wubao', null, 4);
insert into bitsei_schema.Company (company_id, title, owner_id, logo, business_name, vat_number, tax_code, address, city, province, postal_code, unique_code) values (5, 'Skalith', 5, 'http://dummyimage.com/152x234.png/cc0000/ffffff', 'Gerhold LLC', '36987-2084', '55154-5581', '6 Briar Crest Place', 'Umeå', 'Jongorsari', '901 81', 5);
insert into bitsei_schema.Company (company_id, title, owner_id, logo, business_name, vat_number, tax_code, address, city, province, postal_code, unique_code) values (6, 'Realbridge', 6, 'http://dummyimage.com/160x163.png/5fa2dd/ffffff', 'McCullough Inc', '42254-158', '0409-4350', '5 Lindbergh Crossing', 'Mundri', 'Skellefteå', null, 6);
insert into bitsei_schema.Company (company_id, title, owner_id, logo, business_name, vat_number, tax_code, address, city, province, postal_code, unique_code) values (7, 'Dablist', 7, 'http://dummyimage.com/216x139.png/5fa2dd/ffffff', 'Zemlak and Sons', '47335-573', '0338-1135', '6 Bay Court', 'Krajan Jabungcandi', 'Carvalhal da Aroeira', null, 7);
insert into bitsei_schema.Company (company_id, title, owner_id, logo, business_name, vat_number, tax_code, address, city, province, postal_code, unique_code) values (8, 'Thoughtsphere', 8, 'http://dummyimage.com/186x175.png/ff4444/ffffff', 'DuBuque, Cronin and Beier', '63545-639', '35356-169', '16 Cherokee Park', 'Kentville', 'Mayma', 'B4N', 8);
insert into bitsei_schema.Company (company_id, title, owner_id, logo, business_name, vat_number, tax_code, address, city, province, postal_code, unique_code) values (9, 'Dablist', 9, 'http://dummyimage.com/179x160.png/cc0000/ffffff', 'Hand-Nitzsche', '60505-2638', '48951-3032', '7785 Southridge Pass', 'Sîngerei', 'Bagjasari', 'MD-6227', 9);
insert into bitsei_schema.Company (company_id, title, owner_id, logo, business_name, vat_number, tax_code, address, city, province, postal_code, unique_code) values (10, 'Voomm', 10, 'http://dummyimage.com/240x210.png/dddddd/000000', 'Leffler-Walter', '11673-390', '10893-656', '543 Summer Ridge Crossing', 'Heshui', 'Jiuli', null, 10);
insert into bitsei_schema.Company (company_id, title, owner_id, logo, business_name, vat_number, tax_code, address, city, province, postal_code, unique_code) values (11, 'Twimbo', 11, 'http://dummyimage.com/109x236.png/dddddd/000000', 'Lesch-Smith', '36987-3408', '59262-273', '7 Beilfuss Junction', 'Sijihong', 'Jansenville', null, 11);
insert into bitsei_schema.Company (company_id, title, owner_id, logo, business_name, vat_number, tax_code, address, city, province, postal_code, unique_code) values (12, 'Jetpulse', 12, 'http://dummyimage.com/246x161.png/cc0000/ffffff', 'Gulgowski-Dibbert', '68462-141', '67253-231', '2 Transport Circle', 'Aston', 'Beberibe', 'TF6', 12);
insert into bitsei_schema.Company (company_id, title, owner_id, logo, business_name, vat_number, tax_code, address, city, province, postal_code, unique_code) values (13, 'Shuffletag', 13, 'http://dummyimage.com/183x179.png/5fa2dd/ffffff', 'Littel, Olson and Bradtke', '49349-653', '65841-770', '54155 Utah Center', 'Aparecida de Goiânia', 'Nueva Requena', '74900-000', 13);
insert into bitsei_schema.Company (company_id, title, owner_id, logo, business_name, vat_number, tax_code, address, city, province, postal_code, unique_code) values (14, 'Twitterbeat', 14, 'http://dummyimage.com/107x207.png/5fa2dd/ffffff', 'Yundt-Tremblay', '49288-0797', '36987-1838', '33635 Drewry Point', 'Cimalati', 'Azurva', null, 14);
insert into bitsei_schema.Company (company_id, title, owner_id, logo, business_name, vat_number, tax_code, address, city, province, postal_code, unique_code) values (15, 'Fliptune', 15, 'http://dummyimage.com/167x147.png/ff4444/ffffff', 'Farrell-Lynch', '11527-051', '65601-755', '708 Westridge Lane', 'Wuxue Shi', 'Machang', null, 15);
insert into bitsei_schema.Company (company_id, title, owner_id, logo, business_name, vat_number, tax_code, address, city, province, postal_code, unique_code) values (16, 'Realmix', 16, 'http://dummyimage.com/115x213.png/dddddd/000000', 'Lemke and Sons', '39822-0409', '45802-896', '9927 East Avenue', 'Los Lotes', 'Mhlambanyatsi', null, 16);
insert into bitsei_schema.Company (company_id, title, owner_id, logo, business_name, vat_number, tax_code, address, city, province, postal_code, unique_code) values (17, 'Blogtag', 17, 'http://dummyimage.com/183x118.png/cc0000/ffffff', 'Howe, Rodriguez and Braun', '67015-1100', '16714-561', '933 Corry Junction', 'Svalöv', 'Tarnowiec', '268 90', 17);
insert into bitsei_schema.Company (company_id, title, owner_id, logo, business_name, vat_number, tax_code, address, city, province, postal_code, unique_code) values (18, 'Avavee', 18, 'http://dummyimage.com/187x132.png/ff4444/ffffff', 'Dicki, Smitham and Cassin', '50975-001', '52125-480', '77444 Raven Point', 'Isoka', 'Baorixile', null, 18);
insert into bitsei_schema.Company (company_id, title, owner_id, logo, business_name, vat_number, tax_code, address, city, province, postal_code, unique_code) values (19, 'Demivee', 19, 'http://dummyimage.com/207x200.png/cc0000/ffffff', 'Schneider Inc', '66116-388', '59762-2001', '90307 Stoughton Park', 'Songying', 'Cancela', null, 19);
insert into bitsei_schema.Company (company_id, title, owner_id, logo, business_name, vat_number, tax_code, address, city, province, postal_code, unique_code) values (20, 'Ooba', 20, 'http://dummyimage.com/152x248.png/dddddd/000000', 'Sipes, Waters and Bahringer', '0573-0213', '37808-417', '65 Cambridge Center', 'Lalupon', 'Lewolere', null, 20);
insert into bitsei_schema.Company (company_id, title, owner_id, logo, business_name, vat_number, tax_code, address, city, province, postal_code, unique_code) values (21, 'Feednation', 21, 'http://dummyimage.com/199x212.png/5fa2dd/ffffff', 'Schulist-Hand', '11410-301', '50436-7602', '587 Anniversary Road', 'Lembung Tengah', 'Al Fandaqūmīyah', null, 21);
insert into bitsei_schema.Company (company_id, title, owner_id, logo, business_name, vat_number, tax_code, address, city, province, postal_code, unique_code) values (22, 'Kamba', 22, 'http://dummyimage.com/223x214.png/5fa2dd/ffffff', 'Cronin and Sons', '54868-5575', '51191-2046', '12 Mcguire Plaza', 'Duqiong', 'Tha Yang', null, 22);
insert into bitsei_schema.Company (company_id, title, owner_id, logo, business_name, vat_number, tax_code, address, city, province, postal_code, unique_code) values (23, 'Ntag', 23, 'http://dummyimage.com/181x168.png/ff4444/ffffff', 'Renner and Sons', '69154-060', '33992-0268', '82939 Caliangt Way', 'Sabana Grande de Boyá', 'El Pino', '10405', 23);
insert into bitsei_schema.Company (company_id, title, owner_id, logo, business_name, vat_number, tax_code, address, city, province, postal_code, unique_code) values (24, 'Yoveo', 24, 'http://dummyimage.com/101x243.png/5fa2dd/ffffff', 'Hoeger LLC', '36987-2557', '64239-101', '0 Bunting Trail', 'Glad', 'Vällingby', '3814', 24);
insert into bitsei_schema.Company (company_id, title, owner_id, logo, business_name, vat_number, tax_code, address, city, province, postal_code, unique_code) values (25, 'Wikizz', 25, 'http://dummyimage.com/146x226.png/cc0000/ffffff', 'Rau LLC', '0179-0048', '60371-344', '092 8th Hill', 'Kuasha', 'Dhamār', null, 25);
insert into bitsei_schema.Company (company_id, title, owner_id, logo, business_name, vat_number, tax_code, address, city, province, postal_code, unique_code) values (26, 'Devpoint', 26, 'http://dummyimage.com/250x147.png/dddddd/000000', 'Gleichner Group', '0536-1011', '76282-257', '684 Hoffman Trail', 'Kasangulu', 'Villa Cañás', null, 26);
insert into bitsei_schema.Company (company_id, title, owner_id, logo, business_name, vat_number, tax_code, address, city, province, postal_code, unique_code) values (27, 'Meevee', 27, 'http://dummyimage.com/102x225.png/dddddd/000000', 'Bruen-Satterfield', '54868-4531', '63304-346', '462 Eagle Crest Way', 'San Agustín Acasaguastlán', 'Imeni Zhelyabova', '02003', 27);
insert into bitsei_schema.Company (company_id, title, owner_id, logo, business_name, vat_number, tax_code, address, city, province, postal_code, unique_code) values (28, 'Brightbean', 28, 'http://dummyimage.com/124x183.png/5fa2dd/ffffff', 'Bogisich-Sipes', '65923-002', '60760-292', '62350 Trailsway Court', 'Anzhero-Sudzhensk', 'Jiangbei', '652479', 28);
insert into bitsei_schema.Company (company_id, title, owner_id, logo, business_name, vat_number, tax_code, address, city, province, postal_code, unique_code) values (29, 'Ozu', 29, 'http://dummyimage.com/160x146.png/5fa2dd/ffffff', 'Heidenreich-Koss', '64117-163', '55154-5423', '240 Mifflin Circle', 'Tarsouat', 'Ibirataia', null, 29);
insert into bitsei_schema.Company (company_id, title, owner_id, logo, business_name, vat_number, tax_code, address, city, province, postal_code, unique_code) values (30, 'Wordtune', 30, 'http://dummyimage.com/117x190.png/ff4444/ffffff', 'Mohr LLC', '45865-411', '58929-100', '52285 Crest Line Street', 'Sila', 'Bao’an', null, 30);

-- Insert data into Customer table
insert into bitsei_schema.Customer (customer_id, business_name, vat_number, tax_code, address, city, province, postal_code, email, pec, unique_code, company_id) values (1, 'Witting-Brown', '50242-087', '55648-447', '8083 Clove Hill', 'Kilju', 'Písečná', null, 'ahriinchenko0@ihg.com', 'alauder0@facebook.com', 1, 1);
insert into bitsei_schema.Customer (customer_id, business_name, vat_number, tax_code, address, city, province, postal_code, email, pec, unique_code, company_id) values (2, 'Reinger Group', '49631-182', '14783-305', '4 Mockingbird Junction', 'Hengjie', 'Saint-Lô', null, 'rfrankum1@google.nl', 'plyster1@mac.com', 2, 2);
insert into bitsei_schema.Customer (customer_id, business_name, vat_number, tax_code, address, city, province, postal_code, email, pec, unique_code, company_id) values (3, 'Harvey-Turner', '49281-650', '16714-357', '9 Arizona Road', 'Thành Phố Lạng Sơn', 'Agbor', null, 'cmccathie2@imgur.com', 'tbette2@usa.gov', 3, 3);
insert into bitsei_schema.Customer (customer_id, business_name, vat_number, tax_code, address, city, province, postal_code, email, pec, unique_code, company_id) values (4, 'Cronin-Braun', '68428-118', '59779-616', '32 Everett Court', 'Manuel Antonio Mesones Muro', 'Millerovo', null, 'kpringle3@bluehost.com', 'rbetterton3@deliciousdays.com', 4, 4);
insert into bitsei_schema.Customer (customer_id, business_name, vat_number, tax_code, address, city, province, postal_code, email, pec, unique_code, company_id) values (5, 'Schaden LLC', '43492-0001', '15370-032', '779 Judy Parkway', 'Daliuhao', 'Dama', null, 'tfitzalan4@aboutads.info', 'rsheekey4@domainmarket.com', 5, 5);
insert into bitsei_schema.Customer (customer_id, business_name, vat_number, tax_code, address, city, province, postal_code, email, pec, unique_code, company_id) values (6, 'Mills-Jerde', '59535-1001', '49230-200', '32650 Del Sol Lane', 'Rennes', 'Pomahan', '35009 CEDEX', 'csowerby5@freewebs.com', 'ffutter5@furl.net', 6, 6);
insert into bitsei_schema.Customer (customer_id, business_name, vat_number, tax_code, address, city, province, postal_code, email, pec, unique_code, company_id) values (7, 'Lowe, Graham and Klocko', '22431-527', '52125-178', '9925 Melrose Parkway', 'Sacramento', 'São João Nepomuceno', '95833', 'hmerner6@creativecommons.org', 'elorman6@free.fr', 7, 7);
insert into bitsei_schema.Customer (customer_id, business_name, vat_number, tax_code, address, city, province, postal_code, email, pec, unique_code, company_id) values (8, 'Braun Inc', '43353-798', '54868-6220', '1 Tony Court', 'Adelaide', 'Georgetown', '5839', 'kgallant7@clickbank.net', 'atofano7@infoseek.co.jp', 8, 8);
insert into bitsei_schema.Customer (customer_id, business_name, vat_number, tax_code, address, city, province, postal_code, email, pec, unique_code, company_id) values (9, 'Marks, Green and Oberbrunner', '49643-388', '68387-600', '04 Elgar Road', 'Lampa', 'Cool űrhajó', null, 'lpeyto8@unc.edu', 'cspoure8@addthis.com', 9, 9);
insert into bitsei_schema.Customer (customer_id, business_name, vat_number, tax_code, address, city, province, postal_code, email, pec, unique_code, company_id) values (10, 'Lowe Inc', '50742-101', '76237-138', '0 Loftsgordon Pass', 'Jintian', 'Al Jarādīyah', null, 'cspencelayh9@mit.edu', 'lbrownsett9@live.com', 10, 10);
insert into bitsei_schema.Customer (customer_id, business_name, vat_number, tax_code, address, city, province, postal_code, email, pec, unique_code, company_id) values (11, 'Pagac-Dicki', '21695-811', '11523-7334', '919 Hooker Park', 'Shangbahe', 'Valdivia', null, 'ecostara@va.gov', 'ptranfielda@harvard.edu', 11, 11);
insert into bitsei_schema.Customer (customer_id, business_name, vat_number, tax_code, address, city, province, postal_code, email, pec, unique_code, company_id) values (12, 'Schinner, Morar and Morar', '48951-3091', '43857-0100', '0817 Clove Crossing', 'Xinbu', 'Gukovo', null, 'hgeraudyb@thetimes.co.uk', 'tarnob@tmall.com', 12, 12);
insert into bitsei_schema.Customer (customer_id, business_name, vat_number, tax_code, address, city, province, postal_code, email, pec, unique_code, company_id) values (13, 'Wehner-Funk', '63354-010', '55138-006', '2 Little Fleur Park', 'Lianyi', 'Flandes', null, 'cbouldonc@zdnet.com', 'lphilimorec@furl.net', 13, 13);
insert into bitsei_schema.Customer (customer_id, business_name, vat_number, tax_code, address, city, province, postal_code, email, pec, unique_code, company_id) values (14, 'Bins Inc', null, null, null, null, null, null, 'tvernid@mediafire.com', null, null, 14);
insert into bitsei_schema.Customer (customer_id, business_name, vat_number, tax_code, address, city, province, postal_code, email, pec, unique_code, company_id) values (15, 'Quitzon and Sons', '37205-519', '49288-0167', '92 Northport Hill', 'Borovoy', 'Cedry Wielkie', '309135', 'crunhame@ucsd.edu', 'ehullinse@blinklist.com', 15, 15);
insert into bitsei_schema.Customer (customer_id, business_name, vat_number, tax_code, address, city, province, postal_code, email, pec, unique_code, company_id) values (16, 'Champlin Inc', '0904-5792', '10812-511', '6 Cottonwood Center', 'Āshkhāneh', 'Xichehe', null, 'hbrammerf@t.co', 'dlougheidf@cnet.com', 16, 16);
insert into bitsei_schema.Customer (customer_id, business_name, vat_number, tax_code, address, city, province, postal_code, email, pec, unique_code, company_id) values (17, 'Langosh-Spinka', '98132-720', '40104-811', '40 Merrick Circle', 'Wangqingtuo', 'Atakpamé', null, 'gdamerellg@usda.gov', 'sclarycottg@sourceforge.net', 17, 17);
insert into bitsei_schema.Customer (customer_id, business_name, vat_number, tax_code, address, city, province, postal_code, email, pec, unique_code, company_id) values (18, 'Torphy-Skiles', '55154-7801', '55504-0230', '3 Bowman Circle', 'Sagua de Tánamo', 'Tupambaé', null, 'bbakeyh@newyorker.com', 'mlinzeyh@harvard.edu', 18, 18);
insert into bitsei_schema.Customer (customer_id, business_name, vat_number, tax_code, address, city, province, postal_code, email, pec, unique_code, company_id) values (19, 'Hoppe-Trantow', '49035-150', '50436-3933', '0 Cottonwood Trail', 'Güiria', 'Saryözek', null, 'dflorezi@psu.edu', 'csandomi@ebay.co.uk', 19, 19);
insert into bitsei_schema.Customer (customer_id, business_name, vat_number, tax_code, address, city, province, postal_code, email, pec, unique_code, company_id) values (20, 'Larson-Robel', null, null, null, null, null, null, 'ccrispej@newsvine.com', null, null, 20);
insert into bitsei_schema.Customer (customer_id, business_name, vat_number, tax_code, address, city, province, postal_code, email, pec, unique_code, company_id) values (21, 'Schultz Inc', '60631-425', '49999-631', '1 Larry Trail', 'Hatsukaichi', 'Malanje', '738-0013', 'jrowetk@thetimes.co.uk', 'mjaquemek@t.co', 21, 21);
insert into bitsei_schema.Customer (customer_id, business_name, vat_number, tax_code, address, city, province, postal_code, email, pec, unique_code, company_id) values (22, 'Frami-Hane', '36987-2837', '37000-253', '04 Sutteridge Junction', 'Maniwaki', 'Youssoufia', 'J9E', 'crennelsl@google.es', 'cfairburnel@google.es', 22, 22);
insert into bitsei_schema.Customer (customer_id, business_name, vat_number, tax_code, address, city, province, postal_code, email, pec, unique_code, company_id) values (23, 'Johnston-Cummerata', '65517-0009', '55910-756', '9371 Melody Alley', 'Leuweheq', 'Mŭynoq', null, 'hchastenetm@canalblog.com', 'lluckcuckm@businessinsider.com', 23, 23);
insert into bitsei_schema.Customer (customer_id, business_name, vat_number, tax_code, address, city, province, postal_code, email, pec, unique_code, company_id) values (24, 'Ortiz-Kulas', '23155-194', '0075-2915', '736 Sunnyside Drive', 'Dunleer', 'Tamaki', 'N37', 'hkildalen@stumbleupon.com', 'kshilstonen@boston.com', 24, 24);
insert into bitsei_schema.Customer (customer_id, business_name, vat_number, tax_code, address, city, province, postal_code, email, pec, unique_code, company_id) values (25, 'Witting-Koch', null, null, null, null, null, null, 'ibugbyo@virginia.edu', null, null, 25);
insert into bitsei_schema.Customer (customer_id, business_name, vat_number, tax_code, address, city, province, postal_code, email, pec, unique_code, company_id) values (26, 'Stracke-Collins', '55154-1926', '59535-7501', '2429 Comanche Avenue', 'São Mamede de Infesta', 'Ipil', '4465-005', 'awaslinp@sourceforge.net', 'nlegonidecp@woothemes.com', 26, 26);
insert into bitsei_schema.Customer (customer_id, business_name, vat_number, tax_code, address, city, province, postal_code, email, pec, unique_code, company_id) values (27, 'Denesik-O''Conner', '0363-1466', '63629-1286', '71943 Sunnyside Drive', 'Donglu', 'Colonia Wanda', null, 'ofrentzq@wikipedia.org', 'khectorq@seesaa.net', 27, 27);
insert into bitsei_schema.Customer (customer_id, business_name, vat_number, tax_code, address, city, province, postal_code, email, pec, unique_code, company_id) values (28, 'Haley, Schaden and Herzog', '0009-3701', '58232-0329', '26 Del Sol Pass', 'Međa', 'Benoni', null, 'bpittwoodr@topsy.com', 'jduddenr@simplemachines.org', 28, 28);
insert into bitsei_schema.Customer (customer_id, business_name, vat_number, tax_code, address, city, province, postal_code, email, pec, unique_code, company_id) values (29, 'Kutch-Hilll', '0187-1613', '55714-2262', '85 Hanover Lane', 'Gaurnadi', 'Lampari', '8242', 'psickamores@joomla.org', 'ljakolevitchs@dailymail.co.uk', 29, 29);
insert into bitsei_schema.Customer (customer_id, business_name, vat_number, tax_code, address, city, province, postal_code, email, pec, unique_code, company_id) values (30, 'Krajcik LLC', '53645-1001', '55714-2258', '8 Gulseth Place', 'Pilawa', 'Cube', '08-440', 'hgrummittt@bigcartel.com', 'aferriet@odnoklassniki.ru', 30, 30);

-- Insert data into Invoice table
insert into bitsei_schema.Invoice (invoice_id, customer_id, status, warning_number, warning_date, warning_pdf_file, invoice_number, invoice_date, invoice_pdf_file, invoice_xml_file, total, discount, pension_fund_refund, has_stamp) values (1, 1, 0, 1, '5/1/2022', 'DignissimVestibulum.mp3', 1, '1/14/2023', 'Nullam.xls', 'AtLoremInteger.avi', 168.3, 15.0, 4.1, false);
insert into bitsei_schema.Invoice (invoice_id, customer_id, status, warning_number, warning_date, warning_pdf_file, invoice_number, invoice_date, invoice_pdf_file, invoice_xml_file, total, discount, pension_fund_refund, has_stamp) values (2, 2, 0, 2, '8/17/2022', 'NuncNisl.gif', 2, '5/6/2022', 'VestibulumSed.tiff', 'UltricesVelAugue.jpeg', 929.7, 49.8, 3.5, false);
insert into bitsei_schema.Invoice (invoice_id, customer_id, status, warning_number, warning_date, warning_pdf_file, invoice_number, invoice_date, invoice_pdf_file, invoice_xml_file, total, discount, pension_fund_refund, has_stamp) values (3, 3, 0, 3, '9/15/2022', 'Ultrices.xls', 3, '12/3/2022', 'EgetCongueEget.pdf', 'CubiliaCurae.xls', 851.6, 41.5, 6.4, false);
insert into bitsei_schema.Invoice (invoice_id, customer_id, status, warning_number, warning_date, warning_pdf_file, invoice_number, invoice_date, invoice_pdf_file, invoice_xml_file, total, discount, pension_fund_refund, has_stamp) values (4, 4, 0, 4, '1/31/2023', 'SagittisDui.mp3', 4, '6/2/2022', 'IaculisJustoIn.avi', 'InHacHabitasse.tiff', 392.0, 51.1, 4.1, false);
insert into bitsei_schema.Invoice (invoice_id, customer_id, status, warning_number, warning_date, warning_pdf_file, invoice_number, invoice_date, invoice_pdf_file, invoice_xml_file, total, discount, pension_fund_refund, has_stamp) values (5, 5, 0, 5, '8/27/2022', 'NullamSitAmet.mpeg', 5, '9/14/2022', 'FuscePosuereFelis.xls', 'AeneanAuctor.avi', 909.5, 64.9, 6.3, false);
insert into bitsei_schema.Invoice (invoice_id, customer_id, status, warning_number, warning_date, warning_pdf_file, invoice_number, invoice_date, invoice_pdf_file, invoice_xml_file, total, discount, pension_fund_refund, has_stamp) values (6, 6, 0, 6, '6/1/2022', 'LiberoUtMassa.avi', 6, '1/17/2023', 'Primis.gif', 'HabitassePlateaDictumst.pdf', 271.2, 29.4, 1.1, false);
insert into bitsei_schema.Invoice (invoice_id, customer_id, status, warning_number, warning_date, warning_pdf_file, invoice_number, invoice_date, invoice_pdf_file, invoice_xml_file, total, discount, pension_fund_refund, has_stamp) values (7, 7, 0, 7, '6/9/2022', 'InterdumVenenatisTurpis.mp3', 7, '11/8/2022', 'Vel.avi', 'ElementumPellentesque.mp3', 180.7, 7.9, 8.5, false);
insert into bitsei_schema.Invoice (invoice_id, customer_id, status, warning_number, warning_date, warning_pdf_file, invoice_number, invoice_date, invoice_pdf_file, invoice_xml_file, total, discount, pension_fund_refund, has_stamp) values (8, 8, 0, 8, '7/3/2022', 'PedePosuere.png', 8, '5/25/2022', 'SedVel.avi', 'VelNullaEget.tiff', 598.1, 52.6, 4.2, false);
insert into bitsei_schema.Invoice (invoice_id, customer_id, status, warning_number, warning_date, warning_pdf_file, invoice_number, invoice_date, invoice_pdf_file, invoice_xml_file, total, discount, pension_fund_refund, has_stamp) values (9, 9, 0, null, null, null, null, null, null, null, null, null, 5.5, false);
insert into bitsei_schema.Invoice (invoice_id, customer_id, status, warning_number, warning_date, warning_pdf_file, invoice_number, invoice_date, invoice_pdf_file, invoice_xml_file, total, discount, pension_fund_refund, has_stamp) values (10, 10, 0, 10, '8/18/2022', 'MaurisUllamcorperPurus.mov', 10, '4/15/2022', 'CubiliaCurae.mp3', 'Potenti.jpeg', 875.3, 58.1, 4.6, false);
insert into bitsei_schema.Invoice (invoice_id, customer_id, status, warning_number, warning_date, warning_pdf_file, invoice_number, invoice_date, invoice_pdf_file, invoice_xml_file, total, discount, pension_fund_refund, has_stamp) values (11, 11, 0, null, null, null, 11, '6/11/2022', 'QuamPedeLobortis.mov', 'NuncViverraDapibus.xls', 689.2, 23.8, 7.5, false);
insert into bitsei_schema.Invoice (invoice_id, customer_id, status, warning_number, warning_date, warning_pdf_file, invoice_number, invoice_date, invoice_pdf_file, invoice_xml_file, total, discount, pension_fund_refund, has_stamp) values (12, 12, 0, 12, '1/12/2023', 'TurpisNecEuismod.mp3', 12, '5/4/2022', 'Tellus.ppt', 'DictumstMaecenas.jpeg', 78.2, 46.0, 7.8, false);
insert into bitsei_schema.Invoice (invoice_id, customer_id, status, warning_number, warning_date, warning_pdf_file, invoice_number, invoice_date, invoice_pdf_file, invoice_xml_file, total, discount, pension_fund_refund, has_stamp) values (13, 13, 0, 13, '9/4/2022', 'Nam.doc', 13, '2/7/2023', 'Cubilia.mp3', 'DiamVitae.doc', 476.3, 62.8, 1.9, false);
insert into bitsei_schema.Invoice (invoice_id, customer_id, status, warning_number, warning_date, warning_pdf_file, invoice_number, invoice_date, invoice_pdf_file, invoice_xml_file, total, discount, pension_fund_refund, has_stamp) values (14, 14, 0, 14, '4/8/2022', 'Tincidunt.mp3', 14, '2/9/2023', 'NonPretium.ppt', 'NecEuismodScelerisque.tiff', 222.6, 73.3, 9.0, false);
insert into bitsei_schema.Invoice (invoice_id, customer_id, status, warning_number, warning_date, warning_pdf_file, invoice_number, invoice_date, invoice_pdf_file, invoice_xml_file, total, discount, pension_fund_refund, has_stamp) values (15, 15, 0, 15, '10/1/2022', 'Felis.avi', 15, '2/4/2023', 'AeneanFermentum.jpeg', 'Lectus.xls', 592.1, 14.5, 4.9, false);
insert into bitsei_schema.Invoice (invoice_id, customer_id, status, warning_number, warning_date, warning_pdf_file, invoice_number, invoice_date, invoice_pdf_file, invoice_xml_file, total, discount, pension_fund_refund, has_stamp) values (16, 16, 0, null, null, null, 16, '10/6/2022', 'EgetMassa.ppt', 'Leo.avi', 690.3, 35.8, 4.4, false);
insert into bitsei_schema.Invoice (invoice_id, customer_id, status, warning_number, warning_date, warning_pdf_file, invoice_number, invoice_date, invoice_pdf_file, invoice_xml_file, total, discount, pension_fund_refund, has_stamp) values (17, 17, 0, null, null, null, 17, '6/19/2022', 'Mi.mp3', 'MaurisNonLigula.mp3', 565.7, 3.5, 1.3, false);
insert into bitsei_schema.Invoice (invoice_id, customer_id, status, warning_number, warning_date, warning_pdf_file, invoice_number, invoice_date, invoice_pdf_file, invoice_xml_file, total, discount, pension_fund_refund, has_stamp) values (18, 18, 0, 18, '3/11/2023', 'MagnaVestibulumAliquet.ppt', 18, '9/30/2022', 'Eros.avi', 'PellentesqueViverra.gif', 243.5, 57.6, 5.1, false);
insert into bitsei_schema.Invoice (invoice_id, customer_id, status, warning_number, warning_date, warning_pdf_file, invoice_number, invoice_date, invoice_pdf_file, invoice_xml_file, total, discount, pension_fund_refund, has_stamp) values (19, 19, 0, 19, '3/31/2022', 'Fringilla.pdf', null, null, null, null, null, null, 7.8, false);
insert into bitsei_schema.Invoice (invoice_id, customer_id, status, warning_number, warning_date, warning_pdf_file, invoice_number, invoice_date, invoice_pdf_file, invoice_xml_file, total, discount, pension_fund_refund, has_stamp) values (20, 20, 0, 20, '9/17/2022', 'NequeDuis.ppt', 20, '4/20/2022', 'Pede.ppt', 'SollicitudinMiSit.ppt', 71.2, 46.8, 3.2, false);
insert into bitsei_schema.Invoice (invoice_id, customer_id, status, warning_number, warning_date, warning_pdf_file, invoice_number, invoice_date, invoice_pdf_file, invoice_xml_file, total, discount, pension_fund_refund, has_stamp) values (21, 21, 0, 21, '7/8/2022', 'TristiqueEstEt.mp3', 21, '6/9/2022', 'At.tiff', 'EstDonec.gif', 888.6, 71.6, 2.1, false);
insert into bitsei_schema.Invoice (invoice_id, customer_id, status, warning_number, warning_date, warning_pdf_file, invoice_number, invoice_date, invoice_pdf_file, invoice_xml_file, total, discount, pension_fund_refund, has_stamp) values (22, 22, 0, null, null, null, 22, '7/18/2022', 'DuisAliquamConvallis.ppt', 'EgetEros.ppt', 266.4, 20.9, 1.2, false);
insert into bitsei_schema.Invoice (invoice_id, customer_id, status, warning_number, warning_date, warning_pdf_file, invoice_number, invoice_date, invoice_pdf_file, invoice_xml_file, total, discount, pension_fund_refund, has_stamp) values (23, 23, 0, 23, '2/3/2023', 'FaucibusOrciLuctus.mp3', 23, '7/11/2022', 'A.xls', 'NonMauris.mp3', 591.9, 54.7, 7.8, false);
insert into bitsei_schema.Invoice (invoice_id, customer_id, status, warning_number, warning_date, warning_pdf_file, invoice_number, invoice_date, invoice_pdf_file, invoice_xml_file, total, discount, pension_fund_refund, has_stamp) values (24, 24, 0, 24, '11/5/2022', 'CongueEtiam.ppt', 24, '8/31/2022', 'TinciduntNullaMollis.xls', 'Dis.mp3', 847.3, 79.8, 5.9, false);
insert into bitsei_schema.Invoice (invoice_id, customer_id, status, warning_number, warning_date, warning_pdf_file, invoice_number, invoice_date, invoice_pdf_file, invoice_xml_file, total, discount, pension_fund_refund, has_stamp) values (25, 25, 0, 25, '3/13/2023', 'InSagittis.ppt', 25, '12/18/2022', 'OdioOdio.ppt', 'PulvinarNulla.xls', 907.2, 68.8, 6.6, false);
insert into bitsei_schema.Invoice (invoice_id, customer_id, status, warning_number, warning_date, warning_pdf_file, invoice_number, invoice_date, invoice_pdf_file, invoice_xml_file, total, discount, pension_fund_refund, has_stamp) values (26, 26, 0, 26, '2/12/2023', 'OdioElementumEu.tiff', 26, '11/23/2022', 'Pulvinar.mp3', 'DonecOdioJusto.mp3', 296.5, 2.5, 2.8, false);
insert into bitsei_schema.Invoice (invoice_id, customer_id, status, warning_number, warning_date, warning_pdf_file, invoice_number, invoice_date, invoice_pdf_file, invoice_xml_file, total, discount, pension_fund_refund, has_stamp) values (27, 27, 0, null, null, null, 27, '6/13/2022', 'SedVestibulum.mp3', 'AliquamQuis.doc', 643.0, 65.2, 2.8, false);
insert into bitsei_schema.Invoice (invoice_id, customer_id, status, warning_number, warning_date, warning_pdf_file, invoice_number, invoice_date, invoice_pdf_file, invoice_xml_file, total, discount, pension_fund_refund, has_stamp) values (28, 28, 0, 28, '11/30/2022', 'Nunc.xls', 28, '9/30/2022', 'Orci.ppt', 'TellusNulla.avi', 123.5, 98.9, 2.1, false);
insert into bitsei_schema.Invoice (invoice_id, customer_id, status, warning_number, warning_date, warning_pdf_file, invoice_number, invoice_date, invoice_pdf_file, invoice_xml_file, total, discount, pension_fund_refund, has_stamp) values (29, 29, 0, 29, '8/29/2022', 'ArcuLibero.tiff', 29, '1/30/2023', 'CrasPellentesque.avi', 'DuisAcNibh.avi', 846.8, 75.4, 1.2, false);
insert into bitsei_schema.Invoice (invoice_id, customer_id, status, warning_number, warning_date, warning_pdf_file, invoice_number, invoice_date, invoice_pdf_file, invoice_xml_file, total, discount, pension_fund_refund, has_stamp) values (30, 30, 0, null, null, null, 30, '6/23/2022', 'LuctusUltriciesEu.png', 'PretiumQuis.avi', 553.3, 11.9, 2.1, false);

-- Insert data into Invoice_Product table